,TH[V],HV[V],N[5min]
0,0,750,0.64
1,0.000900901,750.4304304,0.64
2,0.001801802,750.8608609,0.64
3,0.002702703,751.2912913,0.64
4,0.003603604,751.7217217,0.64
5,0.004504505,752.1521522,0.64
6,0.005405405,752.5825826,0.64
7,0.006306306,753.013013,0.64
8,0.007207207,753.4434434,0.64
9,0.008108108,753.8738739,0.64
10,0.009009009,754.3043043,0.64
11,0.00990991,754.7347347,0.64
12,0.010810811,755.1651652,0.64
13,0.011711712,755.5955956,0.64
14,0.012612613,756.026026,0.64
15,0.013513514,756.4564565,0.64
16,0.014414414,756.8868869,0.64
17,0.015315315,757.3173173,0.64
18,0.016216216,757.7477477,0.64
19,0.017117117,758.1781782,0.64
20,0.018018018,758.6086086,0.64
21,0.018918919,759.039039,0.64
22,0.01981982,759.4694695,0.64
23,0.020720721,759.8998999,0.64
24,0.021621622,760.3303303,0.64
25,0.022522523,760.7607608,0.64
26,0.023423423,761.1911912,0.64
27,0.024324324,761.6216216,0.64
28,0.025225225,762.0520521,0.64
29,0.026126126,762.4824825,0.64
30,0.027027027,762.9129129,0.64
31,0.027927928,763.3433433,0.64
32,0.028828829,763.7737738,0.64
33,0.02972973,764.2042042,0.64
34,0.030630631,764.6346346,0.64
35,0.031531532,765.0650651,0.64
36,0.032432432,765.4954955,0.64
37,0.033333333,765.9259259,0.64
38,0.034234234,766.3563564,0.64
39,0.035135135,766.7867868,0.64
40,0.036036036,767.2172172,0.64
41,0.036936937,767.6476476,0.64
42,0.037837838,768.0780781,0.64
43,0.038738739,768.5085085,0.64
44,0.03963964,768.9389389,0.64
45,0.040540541,769.3693694,0.64
46,0.041441441,769.7997998,0.64
47,0.042342342,770.2302302,0.64
48,0.043243243,770.6606607,0.64
49,0.044144144,771.0910911,0.64
50,0.045045045,771.5215215,0.64
51,0.045945946,771.951952,0.64
52,0.046846847,772.3823824,0.64
53,0.047747748,772.8128128,0.64
54,0.048648649,773.2432432,0.64
55,0.04954955,773.6736737,0.64
56,0.05045045,774.1041041,0.64
57,0.051351351,774.5345345,0.64
58,0.052252252,774.964965,0.64
59,0.053153153,775.3953954,0.64
60,0.054054054,775.8258258,0.64
61,0.054954955,776.2562563,0.64
62,0.055855856,776.6866867,0.64
63,0.056756757,777.1171171,0.64
64,0.057657658,777.5475475,0.64
65,0.058558559,777.977978,0.64
66,0.059459459,778.4084084,0.64
67,0.06036036,778.8388388,0.64
68,0.061261261,779.2692693,0.64
69,0.062162162,779.6996997,0.64
70,0.063063063,780.1301301,0.64
71,0.063963964,780.5605606,0.64
72,0.064864865,780.990991,0.64
73,0.065765766,781.4214214,0.64
74,0.066666667,781.8518519,0.64
75,0.067567568,782.2822823,0.64
76,0.068468468,782.7127127,0.64
77,0.069369369,783.1431431,0.64
78,0.07027027,783.5735736,0.64
79,0.071171171,784.004004,0.64
80,0.072072072,784.4344344,0.64
81,0.072972973,784.8648649,0.64
82,0.073873874,785.2952953,0.64
83,0.074774775,785.7257257,0.64
84,0.075675676,786.1561562,0.64
85,0.076576577,786.5865866,0.64
86,0.077477477,787.017017,0.64
87,0.078378378,787.4474474,0.64
88,0.079279279,787.8778779,0.64
89,0.08018018,788.3083083,0.64
90,0.081081081,788.7387387,0.64
91,0.081981982,789.1691692,0.64
92,0.082882883,789.5995996,0.64
93,0.083783784,790.03003,0.64
94,0.084684685,790.4604605,0.64
95,0.085585586,790.8908909,0.64
96,0.086486486,791.3213213,0.64
97,0.087387387,791.7517518,0.64
98,0.088288288,792.1821822,0.64
99,0.089189189,792.6126126,0.64
100,0.09009009,793.043043,0.64
101,0.090990991,793.4734735,0.64
102,0.091891892,793.9039039,0.64
103,0.092792793,794.3343343,0.64
104,0.093693694,794.7647648,0.64
105,0.094594595,795.1951952,0.64
106,0.095495495,795.6256256,0.64
107,0.096396396,796.0560561,0.64
108,0.097297297,796.4864865,0.64
109,0.098198198,796.9169169,0.64
110,0.099099099,797.3473473,0.64
111,0.1,797.7777778,0.64
112,0.100900901,798.2082082,0.64
113,0.101801802,798.6386386,0.64
114,0.102702703,799.0690691,0.64
115,0.103603604,799.4994995,0.64
116,0.104504505,799.9299299,0.64
117,0.105405405,800.3603604,0.64
118,0.106306306,800.7907908,0.64
119,0.107207207,801.2212212,0.64
120,0.108108108,801.6516517,0.64
121,0.109009009,802.0820821,0.64
122,0.10990991,802.5125125,0.64
123,0.110810811,802.9429429,0.64
124,0.111711712,803.3733734,0.64
125,0.112612613,803.8038038,0.64
126,0.113513514,804.2342342,0.64
127,0.114414414,804.6646647,0.64
128,0.115315315,805.0950951,0.64
129,0.116216216,805.5255255,0.64
130,0.117117117,805.955956,0.64
131,0.118018018,806.3863864,0.64
132,0.118918919,806.8168168,0.64
133,0.11981982,807.2472472,0.64
134,0.120720721,807.6776777,0.64
135,0.121621622,808.1081081,0.64
136,0.122522523,808.5385385,0.64
137,0.123423423,808.968969,0.64
138,0.124324324,809.3993994,0.64
139,0.125225225,809.8298298,0.64
140,0.126126126,810.2602603,0.64
141,0.127027027,810.6906907,0.64
142,0.127927928,811.1211211,0.64
143,0.128828829,811.5515516,0.64
144,0.12972973,811.981982,0.64
145,0.130630631,812.4124124,0.64
146,0.131531532,812.8428428,0.64
147,0.132432432,813.2732733,0.64
148,0.133333333,813.7037037,0.64
149,0.134234234,814.1341341,0.64
150,0.135135135,814.5645646,0.64
151,0.136036036,814.994995,0.64
152,0.136936937,815.4254254,0.64
153,0.137837838,815.8558559,0.64
154,0.138738739,816.2862863,0.64
155,0.13963964,816.7167167,0.64
156,0.140540541,817.1471471,0.64
157,0.141441441,817.5775776,0.64
158,0.142342342,818.008008,0.64
159,0.143243243,818.4384384,0.64
160,0.144144144,818.8688689,0.64
161,0.145045045,819.2992993,0.64
162,0.145945946,819.7297297,0.64
163,0.146846847,820.1601602,0.64
164,0.147747748,820.5905906,0.64
165,0.148648649,821.021021,0.64
166,0.14954955,821.4514515,0.64
167,0.15045045,821.8818819,0.64
168,0.151351351,822.3123123,0.64
169,0.152252252,822.7427427,0.64
170,0.153153153,823.1731732,0.64
171,0.154054054,823.6036036,0.64
172,0.154954955,824.034034,0.64
173,0.155855856,824.4644645,0.64
174,0.156756757,824.8948949,0.64
175,0.157657658,825.3253253,0.64
176,0.158558559,825.7557558,0.64
177,0.159459459,826.1861862,0.64
178,0.16036036,826.6166166,0.64
179,0.161261261,827.047047,0.64
180,0.162162162,827.4774775,0.64
181,0.163063063,827.9079079,0.64
182,0.163963964,828.3383383,0.64
183,0.164864865,828.7687688,0.64
184,0.165765766,829.1991992,0.64
185,0.166666667,829.6296296,0.64
186,0.167567568,830.0600601,0.64
187,0.168468468,830.4904905,0.64
188,0.169369369,830.9209209,0.64
189,0.17027027,831.3513514,0.64
190,0.171171171,831.7817818,0.64
191,0.172072072,832.2122122,0.64
192,0.172972973,832.6426426,0.64
193,0.173873874,833.0730731,0.64
194,0.174774775,833.5035035,0.64
195,0.175675676,833.9339339,0.64
196,0.176576577,834.3643644,0.64
197,0.177477477,834.7947948,0.64
198,0.178378378,835.2252252,0.64
199,0.179279279,835.6556557,0.64
200,0.18018018,836.0860861,0.64
201,0.181081081,836.5165165,0.64
202,0.181981982,836.9469469,0.64
203,0.182882883,837.3773774,0.64
204,0.183783784,837.8078078,0.64
205,0.184684685,838.2382382,0.64
206,0.185585586,838.6686687,0.64
207,0.186486486,839.0990991,0.64
208,0.187387387,839.5295295,0.64
209,0.188288288,839.95996,0.64
210,0.189189189,840.3903904,0.64
211,0.19009009,840.8208208,0.64
212,0.190990991,841.2512513,0.64
213,0.191891892,841.6816817,0.64
214,0.192792793,842.1121121,0.64
215,0.193693694,842.5425425,0.64
216,0.194594595,842.972973,0.64
217,0.195495495,843.4034034,0.64
218,0.196396396,843.8338338,0.64
219,0.197297297,844.2642643,0.64
220,0.198198198,844.6946947,0.64
221,0.199099099,845.1251251,0.64
222,0.2,845.5555556,0.64
223,0.200900901,845.985986,0.64
224,0.201801802,846.4164164,0.64
225,0.202702703,846.8468468,0.64
226,0.203603604,847.2772773,0.64
227,0.204504505,847.7077077,0.64
228,0.205405405,848.1381381,0.64
229,0.206306306,848.5685686,0.64
230,0.207207207,848.998999,0.64
231,0.208108108,849.4294294,0.64
232,0.209009009,849.8598599,0.64
233,0.20990991,850.2902903,0.64
234,0.210810811,850.7207207,0.64
235,0.211711712,851.1511512,0.64
236,0.212612613,851.5815816,0.64
237,0.213513514,852.012012,0.64
238,0.214414414,852.4424424,0.64
239,0.215315315,852.8728729,0.64
240,0.216216216,853.3033033,0.64
241,0.217117117,853.7337337,0.64
242,0.218018018,854.1641642,0.64
243,0.218918919,854.5945946,0.64
244,0.21981982,855.025025,0.64
245,0.220720721,855.4554555,0.64
246,0.221621622,855.8858859,0.64
247,0.222522523,856.3163163,0.64
248,0.223423423,856.7467467,0.64
249,0.224324324,857.1771772,0.64
250,0.225225225,857.6076076,0.64
251,0.226126126,858.038038,0.64
252,0.227027027,858.4684685,0.64
253,0.227927928,858.8988989,0.64
254,0.228828829,859.3293293,0.64
255,0.22972973,859.7597598,0.64
256,0.230630631,860.1901902,0.64
257,0.231531532,860.6206206,0.64
258,0.232432432,861.0510511,0.64
259,0.233333333,861.4814815,0.64
260,0.234234234,861.9119119,0.64
261,0.235135135,862.3423423,0.64
262,0.236036036,862.7727728,0.64
263,0.236936937,863.2032032,0.64
264,0.237837838,863.6336336,0.64
265,0.238738739,864.0640641,0.64
266,0.23963964,864.4944945,0.64
267,0.240540541,864.9249249,0.64
268,0.241441441,865.3553554,0.64
269,0.242342342,865.7857858,0.64
270,0.243243243,866.2162162,0.64
271,0.244144144,866.6466466,0.64
272,0.245045045,867.0770771,0.64
273,0.245945946,867.5075075,0.64
274,0.246846847,867.9379379,0.64
275,0.247747748,868.3683684,0.64
276,0.248648649,868.7987988,0.64
277,0.24954955,869.2292292,0.64
278,0.25045045,869.6596597,0.64
279,0.251351351,870.0900901,0.64
280,0.252252252,870.5205205,0.64
281,0.253153153,870.950951,0.64
282,0.254054054,871.3813814,0.64
283,0.254954955,871.8118118,0.64
284,0.255855856,872.2422422,0.64
285,0.256756757,872.6726727,0.64
286,0.257657658,873.1031031,0.64
287,0.258558559,873.5335335,0.64
288,0.259459459,873.963964,0.64
289,0.26036036,874.3943944,0.64
290,0.261261261,874.8248248,0.64
291,0.262162162,875.2552553,0.64
292,0.263063063,875.6856857,0.64
293,0.263963964,876.1161161,0.64
294,0.264864865,876.5465465,0.64
295,0.265765766,876.976977,0.64
296,0.266666667,877.4074074,0.64
297,0.267567568,877.8378378,0.64
298,0.268468468,878.2682683,0.64
299,0.269369369,878.6986987,0.64
300,0.27027027,879.1291291,0.64
301,0.271171171,879.5595596,0.64
302,0.272072072,879.98999,0.64
303,0.272972973,880.4204204,0.64
304,0.273873874,880.8508509,0.64
305,0.274774775,881.2812813,0.64
306,0.275675676,881.7117117,0.64
307,0.276576577,882.1421421,0.64
308,0.277477477,882.5725726,0.64
309,0.278378378,883.003003,0.64
310,0.279279279,883.4334334,0.64
311,0.28018018,883.8638639,0.64
312,0.281081081,884.2942943,0.64
313,0.281981982,884.7247247,0.64
314,0.282882883,885.1551552,0.64
315,0.283783784,885.5855856,0.64
316,0.284684685,886.016016,0.64
317,0.285585586,886.4464464,0.64
318,0.286486486,886.8768769,0.64
319,0.287387387,887.3073073,0.64
320,0.288288288,887.7377377,0.64
321,0.289189189,888.1681682,0.64
322,0.29009009,888.5985986,0.64
323,0.290990991,889.029029,0.64
324,0.291891892,889.4594595,0.64
325,0.292792793,889.8898899,0.64
326,0.293693694,890.3203203,0.64
327,0.294594595,890.7507508,0.64
328,0.295495495,891.1811812,0.64
329,0.296396396,891.6116116,0.64
330,0.297297297,892.042042,0.64
331,0.298198198,892.4724725,0.64
332,0.299099099,892.9029029,0.64
333,0.3,893.3333333,0.64
334,0.300900901,893.7637638,0.64
335,0.301801802,894.1941942,0.64
336,0.302702703,894.6246246,0.64
337,0.303603604,895.0550551,0.64
338,0.304504505,895.4854855,0.64
339,0.305405405,895.9159159,0.64
340,0.306306306,896.3463463,0.64
341,0.307207207,896.7767768,0.64
342,0.308108108,897.2072072,0.64
343,0.309009009,897.6376376,0.64
344,0.30990991,898.0680681,0.64
345,0.310810811,898.4984985,0.64
346,0.311711712,898.9289289,0.64
347,0.312612613,899.3593594,0.64
348,0.313513514,899.7897898,0.64
349,0.314414414,900.2202202,0.64
350,0.315315315,900.6506507,0.64
351,0.316216216,901.0810811,0.64
352,0.317117117,901.5115115,0.64
353,0.318018018,901.9419419,0.64
354,0.318918919,902.3723724,0.64
355,0.31981982,902.8028028,0.64
356,0.320720721,903.2332332,0.64
357,0.321621622,903.6636637,0.64
358,0.322522523,904.0940941,0.64
359,0.323423423,904.5245245,0.64
360,0.324324324,904.954955,0.64
361,0.325225225,905.3853854,0.64
362,0.326126126,905.8158158,0.64
363,0.327027027,906.2462462,0.64
364,0.327927928,906.6766767,0.64
365,0.328828829,907.1071071,0.64
366,0.32972973,907.5375375,0.64
367,0.330630631,907.967968,0.64
368,0.331531532,908.3983984,0.64
369,0.332432432,908.8288288,0.64
370,0.333333333,909.2592593,0.64
371,0.334234234,909.6896897,0.64
372,0.335135135,910.1201201,0.64
373,0.336036036,910.5505506,0.64
374,0.336936937,910.980981,0.64
375,0.337837838,911.4114114,0.64
376,0.338738739,911.8418418,0.64
377,0.33963964,912.2722723,0.64
378,0.340540541,912.7027027,0.64
379,0.341441441,913.1331331,0.64
380,0.342342342,913.5635636,0.64
381,0.343243243,913.993994,0.64
382,0.344144144,914.4244244,0.64
383,0.345045045,914.8548549,0.64
384,0.345945946,915.2852853,0.64
385,0.346846847,915.7157157,0.64
386,0.347747748,916.1461461,0.64
387,0.348648649,916.5765766,0.64
388,0.34954955,917.007007,0.64
389,0.35045045,917.4374374,0.64
390,0.351351351,917.8678679,0.64
391,0.352252252,918.2982983,0.64
392,0.353153153,918.7287287,0.64
393,0.354054054,919.1591592,0.64
394,0.354954955,919.5895896,0.64
395,0.355855856,920.02002,0.64
396,0.356756757,920.4504505,0.64
397,0.357657658,920.8808809,0.64
398,0.358558559,921.3113113,0.64
399,0.359459459,921.7417417,0.64
400,0.36036036,922.1721722,0.64
401,0.361261261,922.6026026,0.64
402,0.362162162,923.033033,0.64
403,0.363063063,923.4634635,0.64
404,0.363963964,923.8938939,0.64
405,0.364864865,924.3243243,0.64
406,0.365765766,924.7547548,0.64
407,0.366666667,925.1851852,0.64
408,0.367567568,925.6156156,0.64
409,0.368468468,926.046046,0.64
410,0.369369369,926.4764765,0.64
411,0.37027027,926.9069069,0.64
412,0.371171171,927.3373373,0.64
413,0.372072072,927.7677678,0.64
414,0.372972973,928.1981982,0.64
415,0.373873874,928.6286286,0.64
416,0.374774775,929.0590591,0.64
417,0.375675676,929.4894895,0.64
418,0.376576577,929.9199199,0.64
419,0.377477477,930.3503504,0.64
420,0.378378378,930.7807808,0.64
421,0.379279279,931.2112112,0.64
422,0.38018018,931.6416416,0.64
423,0.381081081,932.0720721,0.64
424,0.381981982,932.5025025,0.64
425,0.382882883,932.9329329,0.64
426,0.383783784,933.3633634,0.64
427,0.384684685,933.7937938,0.64
428,0.385585586,934.2242242,0.64
429,0.386486486,934.6546547,0.64
430,0.387387387,935.0850851,0.64
431,0.388288288,935.5155155,0.64
432,0.389189189,935.9459459,0.64
433,0.39009009,936.3763764,0.64
434,0.390990991,936.8068068,0.64
435,0.391891892,937.2372372,0.64
436,0.392792793,937.6676677,0.64
437,0.393693694,938.0980981,0.64
438,0.394594595,938.5285285,0.64
439,0.395495495,938.958959,0.64
440,0.396396396,939.3893894,0.64
441,0.397297297,939.8198198,0.64
442,0.398198198,940.2502503,0.64
443,0.399099099,940.6806807,0.64
444,0.4,941.1111111,0.64
445,0.400900901,941.5415415,0.64
446,0.401801802,941.971972,0.64
447,0.402702703,942.4024024,0.64
448,0.403603604,942.8328328,0.64
449,0.404504505,943.2632633,0.64
450,0.405405405,943.6936937,0.64
451,0.406306306,944.1241241,0.64
452,0.407207207,944.5545546,0.64
453,0.408108108,944.984985,0.64
454,0.409009009,945.4154154,0.64
455,0.40990991,945.8458458,0.64
456,0.410810811,946.2762763,0.64
457,0.411711712,946.7067067,0.64
458,0.412612613,947.1371371,0.64
459,0.413513514,947.5675676,0.64
460,0.414414414,947.997998,0.64
461,0.415315315,948.4284284,0.64
462,0.416216216,948.8588589,0.64
463,0.417117117,949.2892893,0.64
464,0.418018018,949.7197197,0.64
465,0.418918919,950.1501502,0.64
466,0.41981982,950.5805806,0.64
467,0.420720721,951.011011,0.64
468,0.421621622,951.4414414,0.64
469,0.422522523,951.8718719,0.64
470,0.423423423,952.3023023,0.64
471,0.424324324,952.7327327,0.64
472,0.425225225,953.1631632,0.64
473,0.426126126,953.5935936,0.64
474,0.427027027,954.024024,0.64
475,0.427927928,954.4544545,0.64
476,0.428828829,954.8848849,0.64
477,0.42972973,955.3153153,0.64
478,0.430630631,955.7457457,0.64
479,0.431531532,956.1761762,0.64
480,0.432432432,956.6066066,0.64
481,0.433333333,957.037037,0.64
482,0.434234234,957.4674675,0.64
483,0.435135135,957.8978979,0.64
484,0.436036036,958.3283283,0.64
485,0.436936937,958.7587588,0.64
486,0.437837838,959.1891892,0.64
487,0.438738739,959.6196196,0.64
488,0.43963964,960.0500501,0.64
489,0.440540541,960.4804805,0.64
490,0.441441441,960.9109109,0.64
491,0.442342342,961.3413413,0.64
492,0.443243243,961.7717718,0.64
493,0.444144144,962.2022022,0.64
494,0.445045045,962.6326326,0.64
495,0.445945946,963.0630631,0.64
496,0.446846847,963.4934935,0.64
497,0.447747748,963.9239239,0.64
498,0.448648649,964.3543544,0.64
499,0.44954955,964.7847848,0.64
500,0.45045045,965.2152152,0.64
501,0.451351351,965.6456456,0.64
502,0.452252252,966.0760761,0.64
503,0.453153153,966.5065065,0.64
504,0.454054054,966.9369369,0.64
505,0.454954955,967.3673674,0.64
506,0.455855856,967.7977978,0.64
507,0.456756757,968.2282282,0.64
508,0.457657658,968.6586587,0.64
509,0.458558559,969.0890891,0.64
510,0.459459459,969.5195195,0.64
511,0.46036036,969.9499499,0.64
512,0.461261261,970.3803804,0.64
513,0.462162162,970.8108108,0.64
514,0.463063063,971.2412412,0.64
515,0.463963964,971.6716717,0.64
516,0.464864865,972.1021021,0.64
517,0.465765766,972.5325325,0.64
518,0.466666667,972.962963,0.64
519,0.467567568,973.3933934,0.64
520,0.468468468,973.8238238,0.64
521,0.469369369,974.2542543,0.64
522,0.47027027,974.6846847,0.64
523,0.471171171,975.1151151,0.64
524,0.472072072,975.5455455,0.64
525,0.472972973,975.975976,0.64
526,0.473873874,976.4064064,0.64
527,0.474774775,976.8368368,0.64
528,0.475675676,977.2672673,0.64
529,0.476576577,977.6976977,0.64
530,0.477477477,978.1281281,0.64
531,0.478378378,978.5585586,0.64
532,0.479279279,978.988989,0.64
533,0.48018018,979.4194194,0.64
534,0.481081081,979.8498498,0.64
535,0.481981982,980.2802803,0.64
536,0.482882883,980.7107107,0.64
537,0.483783784,981.1411411,0.64
538,0.484684685,981.5715716,0.64
539,0.485585586,982.002002,0.64
540,0.486486486,982.4324324,0.64
541,0.487387387,982.8628629,0.64
542,0.488288288,983.2932933,0.64
543,0.489189189,983.7237237,0.64
544,0.49009009,984.1541542,0.64
545,0.490990991,984.5845846,0.64
546,0.491891892,985.015015,0.64
547,0.492792793,985.4454454,0.64
548,0.493693694,985.8758759,0.64
549,0.494594595,986.3063063,0.64
550,0.495495495,986.7367367,0.64
551,0.496396396,987.1671672,0.64
552,0.497297297,987.5975976,0.64
553,0.498198198,988.028028,0.64
554,0.499099099,988.4584585,0.64
555,0.5,988.8888889,0.64
556,0.500900901,989.3193193,0.64
557,0.501801802,989.7497497,0.64
558,0.502702703,990.1801802,0.64
559,0.503603604,990.6106106,0.64
560,0.504504505,991.041041,0.64
561,0.505405405,991.4714715,0.64
562,0.506306306,991.9019019,0.64
563,0.507207207,992.3323323,0.64
564,0.508108108,992.7627628,0.64
565,0.509009009,993.1931932,0.64
566,0.50990991,993.6236236,0.64
567,0.510810811,994.0540541,0.64
568,0.511711712,994.4844845,0.64
569,0.512612613,994.9149149,0.64
570,0.513513514,995.3453453,0.64
571,0.514414414,995.7757758,0.64
572,0.515315315,996.2062062,0.64
573,0.516216216,996.6366366,0.64
574,0.517117117,997.0670671,0.64
575,0.518018018,997.4974975,0.64
576,0.518918919,997.9279279,0.64
577,0.51981982,998.3583584,0.64
578,0.520720721,998.7887888,0.64
579,0.521621622,999.2192192,0.64
580,0.522522523,999.6496496,0.64
581,0.523423423,1000.08008,0.64
582,0.524324324,1000.510511,0.64
583,0.525225225,1000.940941,0.64
584,0.526126126,1001.371371,0.64
585,0.527027027,1001.801802,0.64
586,0.527927928,1002.232232,0.64
587,0.528828829,1002.662663,0.64
588,0.52972973,1003.093093,0.64
589,0.530630631,1003.523524,0.64
590,0.531531532,1003.953954,0.64
591,0.532432432,1004.384384,0.64
592,0.533333333,1004.814815,0.64
593,0.534234234,1005.245245,0.64
594,0.535135135,1005.675676,0.64
595,0.536036036,1006.106106,0.64
596,0.536936937,1006.536537,0.64
597,0.537837838,1006.966967,0.64
598,0.538738739,1007.397397,0.64
599,0.53963964,1007.827828,0.64
600,0.540540541,1008.258258,0.64
601,0.541441441,1008.688689,0.64
602,0.542342342,1009.119119,0.64
603,0.543243243,1009.54955,0.64
604,0.544144144,1009.97998,0.64
605,0.545045045,1010.41041,0.64
606,0.545945946,1010.840841,0.64
607,0.546846847,1011.271271,0.64
608,0.547747748,1011.701702,0.64
609,0.548648649,1012.132132,0.64
610,0.54954955,1012.562563,0.64
611,0.55045045,1012.992993,0.64
612,0.551351351,1013.423423,0.64
613,0.552252252,1013.853854,0.64
614,0.553153153,1014.284284,0.64
615,0.554054054,1014.714715,0.64
616,0.554954955,1015.145145,0.64
617,0.555855856,1015.575576,0.64
618,0.556756757,1016.006006,0.64
619,0.557657658,1016.436436,0.64
620,0.558558559,1016.866867,0.64
621,0.559459459,1017.297297,0.64
622,0.56036036,1017.727728,0.64
623,0.561261261,1018.158158,0.64
624,0.562162162,1018.588589,0.64
625,0.563063063,1019.019019,0.64
626,0.563963964,1019.449449,0.64
627,0.564864865,1019.87988,0.64
628,0.565765766,1020.31031,0.64
629,0.566666667,1020.740741,0.64
630,0.567567568,1021.171171,0.64
631,0.568468468,1021.601602,0.64
632,0.569369369,1022.032032,0.64
633,0.57027027,1022.462462,0.64
634,0.571171171,1022.892893,0.64
635,0.572072072,1023.323323,0.64
636,0.572972973,1023.753754,0.64
637,0.573873874,1024.184184,0.64
638,0.574774775,1024.614615,0.64
639,0.575675676,1025.045045,0.64
640,0.576576577,1025.475475,0.64
641,0.577477477,1025.905906,0.64
642,0.578378378,1026.336336,0.64
643,0.579279279,1026.766767,0.64
644,0.58018018,1027.197197,0.64
645,0.581081081,1027.627628,0.64
646,0.581981982,1028.058058,0.64
647,0.582882883,1028.488488,0.64
648,0.583783784,1028.918919,0.64
649,0.584684685,1029.349349,0.64
650,0.585585586,1029.77978,0.64
651,0.586486486,1030.21021,0.64
652,0.587387387,1030.640641,0.64
653,0.588288288,1031.071071,0.64
654,0.589189189,1031.501502,0.64
655,0.59009009,1031.931932,0.64
656,0.590990991,1032.362362,0.64
657,0.591891892,1032.792793,0.64
658,0.592792793,1033.223223,0.64
659,0.593693694,1033.653654,0.64
660,0.594594595,1034.084084,0.64
661,0.595495495,1034.514515,0.64
662,0.596396396,1034.944945,0.64
663,0.597297297,1035.375375,0.64
664,0.598198198,1035.805806,0.64
665,0.599099099,1036.236236,0.64
666,0.6,1036.666667,0.64
667,0.600900901,1037.097097,0.64
668,0.601801802,1037.527528,0.64
669,0.602702703,1037.957958,0.64
670,0.603603604,1038.388388,0.64
671,0.604504505,1038.818819,0.64
672,0.605405405,1039.249249,0.64
673,0.606306306,1039.67968,0.64
674,0.607207207,1040.11011,0.64
675,0.608108108,1040.540541,0.64
676,0.609009009,1040.970971,0.64
677,0.60990991,1041.401401,0.64
678,0.610810811,1041.831832,0.64
679,0.611711712,1042.262262,0.64
680,0.612612613,1042.692693,0.64
681,0.613513514,1043.123123,0.64
682,0.614414414,1043.553554,0.64
683,0.615315315,1043.983984,0.64
684,0.616216216,1044.414414,0.64
685,0.617117117,1044.844845,0.64
686,0.618018018,1045.275275,0.64
687,0.618918919,1045.705706,0.64
688,0.61981982,1046.136136,0.64
689,0.620720721,1046.566567,0.64
690,0.621621622,1046.996997,0.64
691,0.622522523,1047.427427,0.64
692,0.623423423,1047.857858,0.64
693,0.624324324,1048.288288,0.64
694,0.625225225,1048.718719,0.64
695,0.626126126,1049.149149,0.64
696,0.627027027,1049.57958,0.64
697,0.627927928,1050.01001,0.64
698,0.628828829,1050.44044,0.64
699,0.62972973,1050.870871,0.64
700,0.630630631,1051.301301,0.64
701,0.631531532,1051.731732,0.64
702,0.632432432,1052.162162,0.64
703,0.633333333,1052.592593,0.64
704,0.634234234,1053.023023,0.64
705,0.635135135,1053.453453,0.64
706,0.636036036,1053.883884,0.64
707,0.636936937,1054.314314,0.64
708,0.637837838,1054.744745,0.64
709,0.638738739,1055.175175,0.64
710,0.63963964,1055.605606,0.64
711,0.640540541,1056.036036,0.64
712,0.641441441,1056.466466,0.64
713,0.642342342,1056.896897,0.64
714,0.643243243,1057.327327,0.64
715,0.644144144,1057.757758,0.64
716,0.645045045,1058.188188,0.64
717,0.645945946,1058.618619,0.64
718,0.646846847,1059.049049,0.64
719,0.647747748,1059.479479,0.64
720,0.648648649,1059.90991,0.64
721,0.64954955,1060.34034,0.64
722,0.65045045,1060.770771,0.64
723,0.651351351,1061.201201,0.64
724,0.652252252,1061.631632,0.64
725,0.653153153,1062.062062,0.64
726,0.654054054,1062.492492,0.64
727,0.654954955,1062.922923,0.64
728,0.655855856,1063.353353,0.64
729,0.656756757,1063.783784,0.64
730,0.657657658,1064.214214,0.64
731,0.658558559,1064.644645,0.64
732,0.659459459,1065.075075,0.64
733,0.66036036,1065.505506,0.64
734,0.661261261,1065.935936,0.64
735,0.662162162,1066.366366,0.64
736,0.663063063,1066.796797,0.64
737,0.663963964,1067.227227,0.64
738,0.664864865,1067.657658,0.64
739,0.665765766,1068.088088,0.64
740,0.666666667,1068.518519,0.64
741,0.667567568,1068.948949,0.64
742,0.668468468,1069.379379,0.64
743,0.669369369,1069.80981,0.64
744,0.67027027,1070.24024,0.64
745,0.671171171,1070.670671,0.64
746,0.672072072,1071.101101,0.64
747,0.672972973,1071.531532,0.64
748,0.673873874,1071.961962,0.64
749,0.674774775,1072.392392,0.64
750,0.675675676,1072.822823,0.64
751,0.676576577,1073.253253,0.64
752,0.677477477,1073.683684,0.64
753,0.678378378,1074.114114,0.64
754,0.679279279,1074.544545,0.64
755,0.68018018,1074.974975,0.64
756,0.681081081,1075.405405,0.64
757,0.681981982,1075.835836,0.64
758,0.682882883,1076.266266,0.64
759,0.683783784,1076.696697,0.64
760,0.684684685,1077.127127,0.64
761,0.685585586,1077.557558,0.64
762,0.686486486,1077.987988,0.64
763,0.687387387,1078.418418,0.64
764,0.688288288,1078.848849,0.64
765,0.689189189,1079.279279,0.64
766,0.69009009,1079.70971,0.64
767,0.690990991,1080.14014,0.64
768,0.691891892,1080.570571,0.64
769,0.692792793,1081.001001,0.64
770,0.693693694,1081.431431,0.64
771,0.694594595,1081.861862,0.64
772,0.695495495,1082.292292,0.64
773,0.696396396,1082.722723,0.64
774,0.697297297,1083.153153,0.64
775,0.698198198,1083.583584,0.64
776,0.699099099,1084.014014,0.64
777,0.7,1084.444444,0.64
778,0.700900901,1084.874875,0.64
779,0.701801802,1085.305305,0.64
780,0.702702703,1085.735736,0.64
781,0.703603604,1086.166166,0.64
782,0.704504505,1086.596597,0.64
783,0.705405405,1087.027027,0.64
784,0.706306306,1087.457457,0.64
785,0.707207207,1087.887888,0.64
786,0.708108108,1088.318318,0.64
787,0.709009009,1088.748749,0.64
788,0.70990991,1089.179179,0.64
789,0.710810811,1089.60961,0.64
790,0.711711712,1090.04004,0.64
791,0.712612613,1090.47047,0.64
792,0.713513514,1090.900901,0.64
793,0.714414414,1091.331331,0.64
794,0.715315315,1091.761762,0.64
795,0.716216216,1092.192192,0.64
796,0.717117117,1092.622623,0.64
797,0.718018018,1093.053053,0.64
798,0.718918919,1093.483483,0.64
799,0.71981982,1093.913914,0.64
800,0.720720721,1094.344344,0.64
801,0.721621622,1094.774775,0.64
802,0.722522523,1095.205205,0.64
803,0.723423423,1095.635636,0.64
804,0.724324324,1096.066066,0.64
805,0.725225225,1096.496496,0.64
806,0.726126126,1096.926927,0.64
807,0.727027027,1097.357357,0.64
808,0.727927928,1097.787788,0.64
809,0.728828829,1098.218218,0.64
810,0.72972973,1098.648649,0.64
811,0.730630631,1099.079079,0.64
812,0.731531532,1099.50951,0.64
813,0.732432432,1099.93994,0.64
814,0.733333333,1100.37037,0.64
815,0.734234234,1100.800801,0.64
816,0.735135135,1101.231231,0.64
817,0.736036036,1101.661662,0.64
818,0.736936937,1102.092092,0.64
819,0.737837838,1102.522523,0.64
820,0.738738739,1102.952953,0.64
821,0.73963964,1103.383383,0.64
822,0.740540541,1103.813814,0.64
823,0.741441441,1104.244244,0.64
824,0.742342342,1104.674675,0.64
825,0.743243243,1105.105105,0.64
826,0.744144144,1105.535536,0.64
827,0.745045045,1105.965966,0.64
828,0.745945946,1106.396396,0.64
829,0.746846847,1106.826827,0.64
830,0.747747748,1107.257257,0.64
831,0.748648649,1107.687688,0.64
832,0.74954955,1108.118118,0.64
833,0.75045045,1108.548549,0.64
834,0.751351351,1108.978979,0.64
835,0.752252252,1109.409409,0.64
836,0.753153153,1109.83984,0.64
837,0.754054054,1110.27027,0.64
838,0.754954955,1110.700701,0.64
839,0.755855856,1111.131131,0.64
840,0.756756757,1111.561562,0.64
841,0.757657658,1111.991992,0.64
842,0.758558559,1112.422422,0.64
843,0.759459459,1112.852853,0.64
844,0.76036036,1113.283283,0.64
845,0.761261261,1113.713714,0.64
846,0.762162162,1114.144144,0.64
847,0.763063063,1114.574575,0.64
848,0.763963964,1115.005005,0.64
849,0.764864865,1115.435435,0.64
850,0.765765766,1115.865866,0.64
851,0.766666667,1116.296296,0.64
852,0.767567568,1116.726727,0.64
853,0.768468468,1117.157157,0.64
854,0.769369369,1117.587588,0.64
855,0.77027027,1118.018018,0.64
856,0.771171171,1118.448448,0.64
857,0.772072072,1118.878879,0.64
858,0.772972973,1119.309309,0.64
859,0.773873874,1119.73974,0.64
860,0.774774775,1120.17017,0.64
861,0.775675676,1120.600601,0.64
862,0.776576577,1121.031031,0.64
863,0.777477477,1121.461461,0.64
864,0.778378378,1121.891892,0.64
865,0.779279279,1122.322322,0.64
866,0.78018018,1122.752753,0.64
867,0.781081081,1123.183183,0.64
868,0.781981982,1123.613614,0.64
869,0.782882883,1124.044044,0.64
870,0.783783784,1124.474474,0.64
871,0.784684685,1124.904905,0.64
872,0.785585586,1125.335335,0.64
873,0.786486486,1125.765766,0.64
874,0.787387387,1126.196196,0.64
875,0.788288288,1126.626627,0.64
876,0.789189189,1127.057057,0.64
877,0.79009009,1127.487487,0.64
878,0.790990991,1127.917918,0.64
879,0.791891892,1128.348348,0.64
880,0.792792793,1128.778779,0.64
881,0.793693694,1129.209209,0.64
882,0.794594595,1129.63964,0.64
883,0.795495495,1130.07007,0.64
884,0.796396396,1130.500501,0.64
885,0.797297297,1130.930931,0.64
886,0.798198198,1131.361361,0.64
887,0.799099099,1131.791792,0.64
888,0.8,1132.222222,0.64
889,0.800900901,1132.652653,0.64
890,0.801801802,1133.083083,0.64
891,0.802702703,1133.513514,0.64
892,0.803603604,1133.943944,0.64
893,0.804504505,1134.374374,0.64
894,0.805405405,1134.804805,0.64
895,0.806306306,1135.235235,0.64
896,0.807207207,1135.665666,0.64
897,0.808108108,1136.096096,0.64
898,0.809009009,1136.526527,0.64
899,0.80990991,1136.956957,0.64
900,0.810810811,1137.387387,0.64
901,0.811711712,1137.817818,0.64
902,0.812612613,1138.248248,0.64
903,0.813513514,1138.678679,0.64
904,0.814414414,1139.109109,0.64
905,0.815315315,1139.53954,0.64
906,0.816216216,1139.96997,0.64
907,0.817117117,1140.4004,0.64
908,0.818018018,1140.830831,0.64
909,0.818918919,1141.261261,0.64
910,0.81981982,1141.691692,0.64
911,0.820720721,1142.122122,0.64
912,0.821621622,1142.552553,0.64
913,0.822522523,1142.982983,0.64
914,0.823423423,1143.413413,0.64
915,0.824324324,1143.843844,0.64
916,0.825225225,1144.274274,0.64
917,0.826126126,1144.704705,0.64
918,0.827027027,1145.135135,0.64
919,0.827927928,1145.565566,245.4819755
920,0.828828829,1145.995996,1197.07726
921,0.82972973,1146.426426,2148.672545
922,0.830630631,1146.856857,3100.26783
923,0.831531532,1147.287287,4051.863115
924,0.832432432,1147.717718,5003.4584
925,0.833333333,1148.148148,5955.053685
926,0.834234234,1148.578579,6906.648969
927,0.835135135,1149.009009,7858.244254
928,0.836036036,1149.439439,8809.839539
929,0.836936937,1149.86987,9761.434824
930,0.837837838,1150.3003,10713.03011
931,0.838738739,1150.730731,11664.62539
932,0.83963964,1151.161161,12616.22068
933,0.840540541,1151.591592,12996.85879
934,0.841441441,1152.022022,12996.85879
935,0.842342342,1152.452452,12996.85879
936,0.843243243,1152.882883,12996.85879
937,0.844144144,1153.313313,12996.85879
938,0.845045045,1153.743744,12996.85879
939,0.845945946,1154.174174,12996.85879
940,0.846846847,1154.604605,12996.85879
941,0.847747748,1155.035035,12996.85879
942,0.848648649,1155.465465,12996.85879
943,0.84954955,1155.895896,12996.85879
944,0.85045045,1156.326326,12996.85879
945,0.851351351,1156.756757,12996.85879
946,0.852252252,1157.187187,12996.85879
947,0.853153153,1157.617618,12996.85879
948,0.854054054,1158.048048,12996.85879
949,0.854954955,1158.478478,12996.85879
950,0.855855856,1158.908909,12996.85879
951,0.856756757,1159.339339,12996.85879
952,0.857657658,1159.76977,12996.85879
953,0.858558559,1160.2002,12996.85879
954,0.859459459,1160.630631,12996.85879
955,0.86036036,1161.061061,12996.85879
956,0.861261261,1161.491491,12996.85879
957,0.862162162,1161.921922,12996.85879
958,0.863063063,1162.352352,12996.85879
959,0.863963964,1162.782783,12996.85879
960,0.864864865,1163.213213,12996.85879
961,0.865765766,1163.643644,12996.85879
962,0.866666667,1164.074074,12996.85879
963,0.867567568,1164.504505,12996.85879
964,0.868468468,1164.934935,12996.85879
965,0.869369369,1165.365365,12996.85879
966,0.87027027,1165.795796,12996.85879
967,0.871171171,1166.226226,12996.85879
968,0.872072072,1166.656657,12996.85879
969,0.872972973,1167.087087,12996.85879
970,0.873873874,1167.517518,12996.85879
971,0.874774775,1167.947948,12996.85879
972,0.875675676,1168.378378,12996.85879
973,0.876576577,1168.808809,12996.85879
974,0.877477477,1169.239239,12996.85879
975,0.878378378,1169.66967,12996.85879
976,0.879279279,1170.1001,12996.85879
977,0.88018018,1170.530531,12996.85879
978,0.881081081,1170.960961,12996.85879
979,0.881981982,1171.391391,12996.85879
980,0.882882883,1171.821822,12996.85879
981,0.883783784,1172.252252,12996.85879
982,0.884684685,1172.682683,12996.85879
983,0.885585586,1173.113113,12996.85879
984,0.886486486,1173.543544,12996.85879
985,0.887387387,1173.973974,12996.85879
986,0.888288288,1174.404404,12996.85879
987,0.889189189,1174.834835,12996.85879
988,0.89009009,1175.265265,12996.85879
989,0.890990991,1175.695696,12996.85879
990,0.891891892,1176.126126,12996.85879
991,0.892792793,1176.556557,12996.85879
992,0.893693694,1176.986987,12996.85879
993,0.894594595,1177.417417,12996.85879
994,0.895495495,1177.847848,12996.85879
995,0.896396396,1178.278278,12996.85879
996,0.897297297,1178.708709,12996.85879
997,0.898198198,1179.139139,12996.85879
998,0.899099099,1179.56957,12996.85879
999,0.9,1180,12996.85879
